Agency_encoded,Agency,Frequency
0.059456550981974714,C2B,3717
0.0364963503649635,LWC,137
0.030534351145038167,KML,131
0.0196078431372549,CSR,51
0.018867924528301886,CBH,53
0.01282051282051282,CCR,78
0.005952380952380952,TST,336
0.0047556142668428005,JZI,3785
0.0031746031746031746,RAB,315
0.0,ART,161
0.0,CWT,161
0.0,ADM,161
