cluster,Sales,Commision,Age,Duration,Product,Destination,No,Yes
0,35363.26,11924.07,43.71085409,81.18950178,Basic Plan,"KOREA, REPUBLIC OF",1102,22
1,71733.4,22510.75,32.17410296,10.80873635,Basic Plan,INDIA,3093,112
2,58059.6,19508.1,56.38649544,14.003314,Bronze Plan,SINGAPORE,2374,40
3,83844.87,24808.01,37.18753093,31.17169718,Comprehensive Plan,MALAYSIA,1941,80
